{
    "learning_rate": 0.1932473736868564,
    "num_leaves": 175,
    "max_depth": 5,
    "min_child_samples": 8,
    "min_data_in_leaf": 14,
    "subsample": 0.8579067251578487,
    "colsample_bytree": 0.6871468050290648
}